{
"input_si_sdr": -1.1684953272342682,
"input_sdr": -1.0434510474781646,
"input_sir": 0.17875567000638126,
"input_sar": 8.140007265658024,
"input_stoi": 0.6911651059233512,
"si_sdr": 12.008156776428223,
"sdr": 12.824046637169925,
"sir": 23.487757582336684,
"sar": 13.25411912947493,
"stoi": 0.9108121220983308,
"mix_path": "/home/dangsx/asteroid/egs/librimix/ConvTasNet/LibriMix/LibriMix/Libri2Mix/wav8k/min/test/mix_both/672-122797-0002_7729-102255-0012.wav"
}